Question 1, HTML Stands for _____________., Hyper Text Markup Language, Hyper Tech Markup Language, None of these, Hyper Text Makeup Language,A
Question 2, HTML tags are used to describe document ___________, Content, Language, None of these, Definition,A
Question 3, In HTML we have _________ type of heading tags., 7, 5, 4, 6,D
Question 4, Choose the correct HTML tag to make the text bold?, < B>, < BOLD >, < STRONG >, Both A) and C),C
Question 5, Which is not a core attribute of html tags,A. ID,B. title,C. font,D. class,C
Question 6, Head tag is used for?, Writing styles, Writing java Scripts, "Including css , js files",D
Question 7, What is the correct HTML tag for inserting a line break?, < br >, < lb >, < break >, < Newline >,A
Question 8, HTML document start and end with which tag pairs?, < HEAD >. < /HEAD >, < BODY >. < /BODY >, < HTML >. < /HTML >, < WEB >. < /WEB >,C
Question 9, <TITLE>  </TITLE> tag must be within ________, Title, Form, Head, Body,C
Question 10, All HTML tags are enclosed in what ?, < >, < ?php and ? >, # and #, < !and -- >,A
