Question 1, CSS stands for?, Common style sheets, Control style sheets, Central style sheets, Cascading Style Sheets,D
Question 2, How do you insert a comment in a CSS file?, //this is a comment//, /this is a comment/, This is a comment, /*this is a comment*/,A
Question 3, How many types of levels in style sheets?, One level, Two level, Four level, Three level,D
Question 4, Stylesheet appears as a value of the ______ attribute., style, jscript, sheet, nscript,A
Question 5, Which is the correct CSS syntax?, body {color:black;}, body:color=black;, {body:color:black;}, {body:color=black;},A
Question 6, What is CSS Float?, allows other element to wrap around an element , element can be pushed to the left to right, both a and b above, element can be pushed to any direction,C
Question 7, Which CSS property controls the text size?,A. text-size,B. text-style,C. font-size,D. font-style,C
Question 8, How do you display hyperlinks without an underline?, a {underline:none;}, a {decoration:no-underline;}, a {text-decoration:no-underline;}, a {text-decoration:none;},D
Question 9, How do you select an element with id ""demo""?", demo, *demo, #demo, .demo,C
Question 10, How do you select elements with class name ""test""?", .test, #test, *test, test,A
