Question 1,What is a correct syntax to output "Hello World" in Java?,print("Hello World");,Console.Write("Hello World");,echo("Hello World");,System.out.println("Hello World");,D
Question 2,How do you insert COMMENTS in Java code?, */ This is a comment, // This is a comment, # This is a comment, /*This is a comment,B
Question 3,What JDK means ?, Java Dependency Kit, Java Development Kit, Java Demonstration Kit, Java Decompiler Kit,B
Question 4,Which tool converts bytecode into machine specific code and executes them ?, JVM, JDK, JIT, JRE,A
Question 5,Which tool is used to run java program?, JVM, JDK, JIT, JRE,D
Question 6,"Which tool compile debug and execute java programs?", JVM, JDK, JIT, JRE,B
Question 7,Which tool is used to optimize bytecode to machine code?, JVM, JDK, JIT, JRE,C
Question 8,What is the extension of java source files?, .class, .java,) .txt, .js,A
Question 9,How do you create a variable with the numeric value 5?, int x = 5;  , num x = 5, x = 5;, float x = 5;,A
Question 10,Which data type is used to create a variable that should store text?, String, Txt, string, myString,A
